{
  "training_time_seconds": 11136.304986715317,
  "training_time_formatted": "3h 5m 36s",
  "total_parameters": 5810428,
  "trainable_parameters": 5810428,
  "model_size_mb": 22.165023803710938,
  "best_validation_accuracy": 99.725,
  "early_stopping": {
    "patience_epochs": 20,
    "monitor_metric": "loss",
    "early_stopping_triggered": true,
    "epochs_completed": 21,
    "best_epoch": 1
  },
  "final_metrics": {
    "train_loss": 0.08004574477672577,
    "val_loss": 0.02346059226989746,
    "train_acc": 99.6125,
    "val_acc": 99.725,
    "test_loss": 0.027055360794067382,
    "test_acc": 99.225
  },
  "validation_metrics": {
    "accuracy": 0.99725,
    "precision": 0.9972549720074548,
    "recall": 0.99725,
    "f1_score": 0.9972499899864358
  },
  "test_metrics": {
    "accuracy": 0.99625,
    "precision": 0.9962583926026447,
    "recall": 0.99625,
    "f1_score": 0.9962456853844669
  },
  "validation_per_class_metrics": {
    "precision": [
      0.9920159680638723,
      0.9979879275653923,
      1.0,
      1.0,
      0.9960079840319361,
      0.9940239043824701,
      0.998003992015968,
      1.0
    ],
    "recall": [
      0.994,
      0.992,
      1.0,
      1.0,
      0.998,
      0.998,
      1.0,
      0.996
    ],
    "f1_score": [
      0.993006993006993,
      0.9949849548645938,
      1.0,
      1.0,
      0.997002997002997,
      0.9960079840319361,
      0.999000999000999,
      0.9979959919839679
    ],
    "class_names": [
      "Anthracnose",
      "Bacterial Canker",
      "Cutting Weevil",
      "Die Back",
      "Gall Midge",
      "Healthy",
      "Powdery Mildew",
      "Sooty Mould"
    ]
  },
  "test_per_class_metrics": {
    "precision": [
      0.9940239043824701,
      0.9960079840319361,
      1.0,
      0.9960159362549801,
      0.9979716024340771,
      0.996,
      0.998,
      0.9920477137176938
    ],
    "recall": [
      0.998,
      0.998,
      0.998,
      1.0,
      0.984,
      0.996,
      0.998,
      0.998
    ],
    "f1_score": [
      0.9960079840319361,
      0.997002997002997,
      0.998998998998999,
      0.998003992015968,
      0.9909365558912386,
      0.996,
      0.998,
      0.9950149551345963
    ],
    "class_names": [
      "Anthracnose",
      "Bacterial Canker",
      "Cutting Weevil",
      "Die Back",
      "Gall Midge",
      "Healthy",
      "Powdery Mildew",
      "Sooty Mould"
    ]
  },
  "epochs_completed": 21,
  "best_epoch": 1
}